{
  "version": "https://jsonfeed.org/version/1.1",
  "title": "Instagram",
  "description": "Instagram posts for nytcooking, sohlae, swissmiss, soulfirefarm.",
  "items": [
    {
      "id": "2717784835896494190",
      "url": "https://instagram.com/p/CW3guinjchu",
      "title": "@theshahreport's One-Pot Vegetable Biryani really …",
      "content_html": "<p>@nytcooking</p><p>@theshahreport's One-Pot Vegetable Biryani really said...  Flavor!  Texture!  Get the recipe at the link in bio. (Photo: @bryangardnerphotography, food styling: @bwashbu, prop styling: @paigehicksnyc)</p><p><img src=\"https://scontent-atl3-2.cdninstagram.com/v/t51.2885-15/e35/p1080x1080/261497037_325437292426695_8203434893547953333_n.jpg?_nc_ht=scontent-atl3-2.cdninstagram.com&_nc_cat=103&_nc_ohc=c5aG6_BWjJ4AX-WQ_OY&edm=APU89FABAAAA&ccb=7-4&oh=8681f180e5c959486053143114f76744&oe=61AF260D&_nc_sid=86f79a\" alt=\"\" /></p>",
      "summary": "nytcooking",
      "authors": [
        {
          "name": "nytcooking"
        }
      ],
      "date_published": "2021-11-29T17:00:23.000Z",
      "image": "https://scontent-atl3-2.cdninstagram.com/v/t51.2885-15/e35/p1080x1080/261497037_325437292426695_8203434893547953333_n.jpg?_nc_ht=scontent-atl3-2.cdninstagram.com&_nc_cat=103&_nc_ohc=c5aG6_BWjJ4AX-WQ_OY&edm=APU89FABAAAA&ccb=7-4&oh=8681f180e5c959486053143114f76744&oe=61AF260D&_nc_sid=86f79a"
    },
    {
      "id": "2717845263594487928",
      "url": "https://instagram.com/p/CW3ud4TBwB4",
      "title": "Kelly in the comments writes that @yewande_komolaf…",
      "content_html": "<p>@nytcooking</p><p>Kelly in the comments writes that @yewande_komolafe's Honey-Glazed Chicken and Shallots \"tasted restaurant quality.\" Fancy! Get the recipe at the link in bio! (Photo: @sans.murs, food styling: @scoebetsill, prop styling: @maeve_sheridan)</p><p><img src=\"https://scontent-atl3-2.cdninstagram.com/v/t51.2885-15/e35/p1080x1080/261715736_420072612911006_6789112161852618486_n.jpg?_nc_ht=scontent-atl3-2.cdninstagram.com&_nc_cat=102&_nc_ohc=uKPnpzVx-1oAX9sigGr&edm=APU89FABAAAA&ccb=7-4&oh=5d350e254af02271ac826064c8603f5a&oe=61AF83C0&_nc_sid=86f79a\" alt=\"\" /></p>",
      "summary": "nytcooking",
      "authors": [
        {
          "name": "nytcooking"
        }
      ],
      "date_published": "2021-11-29T19:00:27.000Z",
      "image": "https://scontent-atl3-2.cdninstagram.com/v/t51.2885-15/e35/p1080x1080/261715736_420072612911006_6789112161852618486_n.jpg?_nc_ht=scontent-atl3-2.cdninstagram.com&_nc_cat=102&_nc_ohc=uKPnpzVx-1oAX9sigGr&edm=APU89FABAAAA&ccb=7-4&oh=5d350e254af02271ac826064c8603f5a&oe=61AF83C0&_nc_sid=86f79a"
    },
    {
      "id": "2717935899450321191",
      "url": "https://instagram.com/p/CW4DEzhBKkn",
      "title": "Holiday party season is upon us",
      "content_html": "<p>@nytcooking</p><p>Holiday party season is upon us!  At the link in bio, @thisiskaychun's recipe for a festive Charcuterie Board with a homemade whipped ricotta that will impress all your guests. (Photo: @dmalosh, food styling: @simoncooks)</p><p><img src=\"https://scontent-atl3-2.cdninstagram.com/v/t51.2885-15/e35/p1080x1080/261890186_1304018986780065_854639682063839415_n.jpg?_nc_ht=scontent-atl3-2.cdninstagram.com&_nc_cat=109&_nc_ohc=yvy0fOc1baMAX-TY_ne&edm=APU89FABAAAA&ccb=7-4&oh=7ddacf8655bb503e740504e7696ce3b8&oe=61AF72FD&_nc_sid=86f79a\" alt=\"\" /></p>",
      "summary": "nytcooking",
      "authors": [
        {
          "name": "nytcooking"
        }
      ],
      "date_published": "2021-11-29T22:00:31.000Z",
      "image": "https://scontent-atl3-2.cdninstagram.com/v/t51.2885-15/e35/p1080x1080/261890186_1304018986780065_854639682063839415_n.jpg?_nc_ht=scontent-atl3-2.cdninstagram.com&_nc_cat=109&_nc_ohc=yvy0fOc1baMAX-TY_ne&edm=APU89FABAAAA&ccb=7-4&oh=7ddacf8655bb503e740504e7696ce3b8&oe=61AF72FD&_nc_sid=86f79a"
    },
    {
      "id": "2717996330546171756",
      "url": "https://instagram.com/p/CW4Q0MXBQ9s",
      "title": "@theshahreport's Mixed Sabzi is here to liven up y…",
      "content_html": "<p>@nytcooking</p><p>@theshahreport's Mixed Sabzi is here to liven up your meatless Mondays (and any other days of the week, tbh). Get the recipe at the link in bio. (Photo: @ksears, food styling: @bwashbu)</p><p><img src=\"https://scontent-atl3-2.cdninstagram.com/v/t51.2885-15/e35/p1080x1080/261786675_1097786854375147_5032616086100733700_n.jpg?_nc_ht=scontent-atl3-2.cdninstagram.com&_nc_cat=107&_nc_ohc=9A2a60sxmWQAX_vVZfd&edm=APU89FABAAAA&ccb=7-4&oh=bc87269203a861c0d6e599d7ccdc3c1e&oe=61AF2458&_nc_sid=86f79a\" alt=\"\" /></p>",
      "summary": "nytcooking",
      "authors": [
        {
          "name": "nytcooking"
        }
      ],
      "date_published": "2021-11-30T00:00:36.000Z",
      "image": "https://scontent-atl3-2.cdninstagram.com/v/t51.2885-15/e35/p1080x1080/261786675_1097786854375147_5032616086100733700_n.jpg?_nc_ht=scontent-atl3-2.cdninstagram.com&_nc_cat=107&_nc_ohc=9A2a60sxmWQAX_vVZfd&edm=APU89FABAAAA&ccb=7-4&oh=bc87269203a861c0d6e599d7ccdc3c1e&oe=61AF2458&_nc_sid=86f79a"
    },
    {
      "id": "2718512105619692850",
      "url": "https://instagram.com/p/CW6GFtVD50y",
      "title": "\"The perfect end to a Hanukkah meal",
      "content_html": "<p>@nytcooking</p><p>\"The perfect end to a Hanukkah meal.\" Claudia Roden’s recipe, adapted by @juliamoskin, for these orange-scented jelly doughnuts known as Sufganiyot, is at the link in bio. (Photo: @jimwilson125)</p><p><img src=\"https://scontent-atl3-2.cdninstagram.com/v/t51.2885-15/e35/p1080x1080/262393379_1086343522167969_8827025174694961358_n.jpg?_nc_ht=scontent-atl3-2.cdninstagram.com&_nc_cat=109&_nc_ohc=q7w488xG-EoAX97YFXY&edm=APU89FABAAAA&ccb=7-4&oh=d21ae40565082404db9087eb88bf8090&oe=61AEFA7A&_nc_sid=86f79a\" alt=\"\" /></p>",
      "summary": "nytcooking",
      "authors": [
        {
          "name": "nytcooking"
        }
      ],
      "date_published": "2021-11-30T17:05:20.000Z",
      "image": "https://scontent-atl3-2.cdninstagram.com/v/t51.2885-15/e35/p1080x1080/262393379_1086343522167969_8827025174694961358_n.jpg?_nc_ht=scontent-atl3-2.cdninstagram.com&_nc_cat=109&_nc_ohc=q7w488xG-EoAX97YFXY&edm=APU89FABAAAA&ccb=7-4&oh=d21ae40565082404db9087eb88bf8090&oe=61AEFA7A&_nc_sid=86f79a"
    },
    {
      "id": "2718570034166561374",
      "url": "https://instagram.com/p/CW6TQrfhPpe",
      "title": "@Ottolenghi's recipe for Five-Spice Butternut Squa…",
      "content_html": "<p>@nytcooking</p><p>@Ottolenghi's recipe for Five-Spice Butternut Squash in Cheesy Custard is perfect for a festive brunch: It's special enough to feel celebratory, yet easy enough so you can pull up a chair yourself to enjoy along with your guests. Get the recipe at the link in bio. (Photo: @chrisrsimpson, food styling: @simoncooks)</p><p><img src=\"https://scontent-atl3-2.cdninstagram.com/v/t51.2885-15/e35/p1080x1080/262299647_2119617808176184_7809937523139899331_n.jpg?_nc_ht=scontent-atl3-2.cdninstagram.com&_nc_cat=1&_nc_ohc=cRZzwHsuZ2YAX9XDIpg&edm=APU89FABAAAA&ccb=7-4&oh=9e0135496edbc50e9663d20f080cfc2e&oe=61AEDF33&_nc_sid=86f79a\" alt=\"\" /></p>",
      "summary": "nytcooking",
      "authors": [
        {
          "name": "nytcooking"
        }
      ],
      "date_published": "2021-11-30T19:00:26.000Z",
      "image": "https://scontent-atl3-2.cdninstagram.com/v/t51.2885-15/e35/p1080x1080/262299647_2119617808176184_7809937523139899331_n.jpg?_nc_ht=scontent-atl3-2.cdninstagram.com&_nc_cat=1&_nc_ohc=cRZzwHsuZ2YAX9XDIpg&edm=APU89FABAAAA&ccb=7-4&oh=9e0135496edbc50e9663d20f080cfc2e&oe=61AEDF33&_nc_sid=86f79a"
    },
    {
      "id": "2718584295566417849",
      "url": "https://instagram.com/p/CW6WgNdMR-5",
      "title": "Your favorite couple is back — this time on @nytco…",
      "content_html": "<p>@nytcooking</p><p>Your favorite couple is back — this time on @nytcooking’s new TikTok! Head over there to see @amelia.nierenberg’s parents compete in a Mom vs. Dad Latke Cook-Off</p><p><video src=\"https://scontent-atl3-2.cdninstagram.com/v/t50.2886-16/261690140_598533814541067_5449394021371100759_n.mp4?_nc_ht=scontent-atl3-2.cdninstagram.com&_nc_cat=103&_nc_ohc=-FxhUGDhynkAX8OlZQY&edm=APU89FABAAAA&ccb=7-4&oe=61A9E65C&oh=8c0a8a088c17b120ab60e1af8e19233e&_nc_sid=86f79a\" poster=\"https://scontent-atl3-2.cdninstagram.com/v/t51.2885-15/e35/262884775_613381029866073_204162962548099194_n.jpg?_nc_ht=scontent-atl3-2.cdninstagram.com&_nc_cat=109&_nc_ohc=rxrwWdzXrLYAX_9IqKB&edm=APU89FABAAAA&ccb=7-4&oh=00b7be7b15414b82cfc1e34d98d42b77&oe=61A9AD41&_nc_sid=86f79a\" type=\"video/mp4\">Sorry, your browser doesn't support embedded videos.</video></p>",
      "summary": "nytcooking",
      "authors": [
        {
          "name": "nytcooking"
        }
      ],
      "date_published": "2021-11-30T19:30:24.000Z",
      "image": "https://scontent-atl3-2.cdninstagram.com/v/t51.2885-15/e35/262884775_613381029866073_204162962548099194_n.jpg?_nc_ht=scontent-atl3-2.cdninstagram.com&_nc_cat=109&_nc_ohc=rxrwWdzXrLYAX_9IqKB&edm=APU89FABAAAA&ccb=7-4&oh=00b7be7b15414b82cfc1e34d98d42b77&oe=61A9AD41&_nc_sid=86f79a"
    },
    {
      "id": "2718660685642164387",
      "url": "https://instagram.com/p/CW6n31QhWij",
      "title": "Read more about Gabrielle Hamilton's take on the c…",
      "content_html": "<p>@nytcooking</p><p>Read more about Gabrielle Hamilton's take on the cheese plate served at McSorley’s Old Ale House, her latest for @nytmag, at the link in bio. (Here's a hint: Fried saltines are involved.) (Photo: @linda.xiao, food styling: @maggie_ruggiero, prop styling: @​​sophie_leng)</p><p><img src=\"https://scontent-atl3-2.cdninstagram.com/v/t51.2885-15/e35/262837060_304374128252543_8059180716857143270_n.jpg?_nc_ht=scontent-atl3-2.cdninstagram.com&_nc_cat=1&_nc_ohc=wf3mZahtclUAX95WliM&edm=APU89FABAAAA&ccb=7-4&oh=a0f9ba343c4e5137d1e3d132403bbc73&oe=61AE7760&_nc_sid=86f79a\" alt=\"\" /></p>",
      "summary": "nytcooking",
      "authors": [
        {
          "name": "nytcooking"
        }
      ],
      "date_published": "2021-11-30T22:00:33.000Z",
      "image": "https://scontent-atl3-2.cdninstagram.com/v/t51.2885-15/e35/262837060_304374128252543_8059180716857143270_n.jpg?_nc_ht=scontent-atl3-2.cdninstagram.com&_nc_cat=1&_nc_ohc=wf3mZahtclUAX95WliM&edm=APU89FABAAAA&ccb=7-4&oh=a0f9ba343c4e5137d1e3d132403bbc73&oe=61AE7760&_nc_sid=86f79a"
    },
    {
      "id": "2718721097142352665",
      "url": "https://instagram.com/p/CW61m72h7sZ",
      "title": "@thisiskaychun's Tofu and Bok Choy With Ginger-Tah…",
      "content_html": "<p>@nytcooking</p><p>@thisiskaychun's Tofu and Bok Choy With Ginger-Tahini Sauce is quick, light and fully satisfying. Get the recipe at the link in bio. (Photo: @dmalosh, food styling: @simoncooks)</p><p><img src=\"https://scontent-atl3-2.cdninstagram.com/v/t51.2885-15/e35/p1080x1080/262501217_456305099409459_1851839514720058570_n.jpg?_nc_ht=scontent-atl3-2.cdninstagram.com&_nc_cat=1&_nc_ohc=Tod3FEdOaqkAX8PCnBF&edm=APU89FABAAAA&ccb=7-4&oh=b182419d95f89b1bf5512624449f49b7&oe=61AEA0A7&_nc_sid=86f79a\" alt=\"\" /></p>",
      "summary": "nytcooking",
      "authors": [
        {
          "name": "nytcooking"
        }
      ],
      "date_published": "2021-12-01T00:00:34.000Z",
      "image": "https://scontent-atl3-2.cdninstagram.com/v/t51.2885-15/e35/p1080x1080/262501217_456305099409459_1851839514720058570_n.jpg?_nc_ht=scontent-atl3-2.cdninstagram.com&_nc_cat=1&_nc_ohc=Tod3FEdOaqkAX8PCnBF&edm=APU89FABAAAA&ccb=7-4&oh=b182419d95f89b1bf5512624449f49b7&oe=61AEA0A7&_nc_sid=86f79a"
    },
    {
      "id": "2719102142657162391",
      "url": "https://instagram.com/p/CW8MP4JFWyX",
      "title": "24 DAYS OF COOKIES",
      "content_html": "<p>@nytcooking</p><p>24 DAYS OF COOKIES! Behold 24 recipes for this holiday season, including lots of sweet (M&M’s Cookies!), some savory (Scallion Cheddar Coins!), classics (Chewy Gingerbread!) and soon-to-be favorites (Hibiscus-Spiraled Ginger Cookies!).\n\nHead to the link in bio for all the recipes, and use when you share your bakes. \n\n(Photos: @awilliamsphoto, food styling: @susanspungen, prop styling: @sarah.smart.style)</p><p><video src=\"https://scontent-atl3-2.cdninstagram.com/v/t50.16885-16/261275625_2093081934187820_1749650699547975081_n.mp4?_nc_ht=scontent-atl3-2.cdninstagram.com&_nc_cat=108&_nc_ohc=jmro77YvjVoAX9EWHNh&edm=APU89FABAAAA&ccb=7-4&oe=61A9A835&oh=331ac0cd72cd5a6964cf4512443c997e&_nc_sid=86f79a\" poster=\"https://scontent-atl3-2.cdninstagram.com/v/t51.2885-15/e35/262472304_886089178936230_2549094484214777356_n.jpg?_nc_ht=scontent-atl3-2.cdninstagram.com&_nc_cat=1&_nc_ohc=cTXfBUljasoAX9l_V-t&edm=APU89FABAAAA&ccb=7-4&oh=469e03b0912c30f7dd4730fdd620187b&oe=61A9DC0B&_nc_sid=86f79a\" type=\"video/mp4\">Sorry, your browser doesn't support embedded videos.</video></p>",
      "summary": "nytcooking",
      "authors": [
        {
          "name": "nytcooking"
        }
      ],
      "date_published": "2021-12-01T12:39:14.000Z",
      "image": "https://scontent-atl3-2.cdninstagram.com/v/t51.2885-15/e35/262472304_886089178936230_2549094484214777356_n.jpg?_nc_ht=scontent-atl3-2.cdninstagram.com&_nc_cat=1&_nc_ohc=cTXfBUljasoAX9l_V-t&edm=APU89FABAAAA&ccb=7-4&oh=469e03b0912c30f7dd4730fdd620187b&oe=61A9DC0B&_nc_sid=86f79a"
    },
    {
      "id": "2719204107923289431",
      "url": "https://instagram.com/p/CW8jbqsjPVX",
      "title": "Did you know that you can make lasagna in a slow c…",
      "content_html": "<p>@nytcooking</p><p>Did you know that you can make lasagna in a slow cooker? It's true! At the link in bio, @sarahedigregorio's recipe will show you how. (Photo: @dmalosh, food styling: @simoncooks)</p><p><img src=\"https://scontent-atl3-2.cdninstagram.com/v/t51.2885-15/e35/p1080x1080/262803395_4659076307493308_6797582661158668300_n.jpg?_nc_ht=scontent-atl3-2.cdninstagram.com&_nc_cat=1&_nc_ohc=Mk4ComeluycAX_1DAn_&edm=APU89FABAAAA&ccb=7-4&oh=9c2d0cda54c1493140b65adc347e801f&oe=61AE8512&_nc_sid=86f79a\" alt=\"\" /></p>",
      "summary": "nytcooking",
      "authors": [
        {
          "name": "nytcooking"
        }
      ],
      "date_published": "2021-12-01T16:00:14.000Z",
      "image": "https://scontent-atl3-2.cdninstagram.com/v/t51.2885-15/e35/p1080x1080/262803395_4659076307493308_6797582661158668300_n.jpg?_nc_ht=scontent-atl3-2.cdninstagram.com&_nc_cat=1&_nc_ohc=Mk4ComeluycAX_1DAn_&edm=APU89FABAAAA&ccb=7-4&oh=9c2d0cda54c1493140b65adc347e801f&oe=61AE8512&_nc_sid=86f79a"
    },
    {
      "id": "2719234047703343252",
      "url": "https://instagram.com/p/CW8qPWSgWCU",
      "title": "Huh",
      "content_html": "<p>@nytcooking</p><p>Huh! 24 days of cookies are at the link in bio, play them on repeat.</p><p><img src=\"https://scontent-atl3-2.cdninstagram.com/v/t51.2885-15/e35/262418336_954785265146557_6669556400571490939_n.jpg?_nc_ht=scontent-atl3-2.cdninstagram.com&_nc_cat=101&_nc_ohc=QXPbBjIzgGsAX_eRxAe&edm=APU89FABAAAA&ccb=7-4&oh=54d4fb2634ba775ad90c64716a886e36&oe=61AF2EBC&_nc_sid=86f79a\" alt=\"\" /></p>",
      "summary": "nytcooking",
      "authors": [
        {
          "name": "nytcooking"
        }
      ],
      "date_published": "2021-12-01T16:59:40.000Z",
      "image": "https://scontent-atl3-2.cdninstagram.com/v/t51.2885-15/e35/262418336_954785265146557_6669556400571490939_n.jpg?_nc_ht=scontent-atl3-2.cdninstagram.com&_nc_cat=101&_nc_ohc=QXPbBjIzgGsAX_eRxAe&edm=APU89FABAAAA&ccb=7-4&oh=54d4fb2634ba775ad90c64716a886e36&oe=61AF2EBC&_nc_sid=86f79a"
    }
  ]
}